train_loss,epoch,step
1.3830825090408325,0,49
1.6733208894729614,0,99
1.5691105127334595,0,149
1.2983828783035278,0,199
1.6395092010498047,0,249
1.4069786071777344,0,299
1.4259699583053589,0,349
1.6506717205047607,0,399
1.4031789302825928,0,449
1.3076814413070679,0,499
1.4589064121246338,0,549
2.1236026287078857,0,599
1.4971531629562378,0,649
1.5245051383972168,0,699
